"country","age","pop"
"Austria",0,91186
"Austria",1,89715
"Austria",2,88377
"Austria",3,87180
"Austria",4,85866
"Austria",5,85099
"Austria",6,84465
"Austria",7,83979
"Austria",8,83657
"Austria",9,83498
"Austria",10,83500
"Austria",11,83766
"Austria",12,84348
"Austria",13,85208
"Austria",14,86286
"Austria",15,87627
"Austria",16,89106
"Austria",17,90664
"Austria",18,92386
"Austria",19,94209
"Austria",20,95906
"Austria",21,98612
"Austria",22,102808
"Austria",23,107838
"Austria",24,112680
"Austria",25,117674
"Austria",26,121273
"Austria",27,122648
"Austria",28,122541
"Austria",29,122446
"Austria",30,121965
"Austria",31,121870
"Austria",32,122664
"Austria",33,123877
"Austria",34,124800
"Austria",35,125893
"Austria",36,125546
"Austria",37,122989
"Austria",38,119176
"Austria",39,115748
"Austria",40,112282
"Austria",41,110415
"Austria",42,111099
"Austria",43,113565
"Austria",44,115817
"Austria",45,117916
"Austria",46,121130
"Austria",47,125778
"Austria",48,131179
"Austria",49,136380
"Austria",50,141627
"Austria",51,145208
"Austria",52,146190
"Austria",53,145273
"Austria",54,144203
"Austria",55,142766
"Austria",56,140347
"Austria",57,136858
"Austria",58,132547
"Austria",59,127925
"Austria",60,123101
"Austria",61,117814
"Austria",62,112056
"Austria",63,106126
"Austria",64,100218
"Austria",65,94164
"Austria",66,89495
"Austria",67,86955
"Austria",68,85868
"Austria",69,84619
"Austria",70,83303
"Austria",71,82511
"Austria",72,82299
"Austria",73,82309
"Austria",74,82291
"Austria",75,82497
"Austria",76,81020
"Austria",77,76945
"Austria",78,71162
"Austria",79,65526
"Austria",80,59739
"Austria",81,54151
"Austria",82,49147
"Austria",83,44568
"Austria",84,39832
"Austria",85,35008
"Austria",86,30752
"Austria",87,27317
"Austria",88,24469
"Austria",89,21564
"Austria",90,19553
"Austria",91,17329
"Austria",92,14311
"Austria",93,10567
"Austria",94,7908
"Austria",95,6865
"Austria",96,5706
"Austria",97,4127
"Austria",98,2131
"Austria",99,1090
"Austria",100,1114
"Belgium",0,122223
"Belgium",1,125295
"Belgium",2,127873
"Belgium",3,129989
"Belgium",4,130568
"Belgium",5,132193
"Belgium",6,133398
"Belgium",7,134205
"Belgium",8,134641
"Belgium",9,134834
"Belgium",10,134911
"Belgium",11,134379
"Belgium",12,133056
"Belgium",13,131278
"Belgium",14,129575
"Belgium",15,127856
"Belgium",16,126723
"Belgium",17,126533
"Belgium",18,127070
"Belgium",19,127589
"Belgium",20,128038
"Belgium",21,129450
"Belgium",22,132201
"Belgium",23,135761
"Belgium",24,139297
"Belgium",25,143063
"Belgium",26,145867
"Belgium",27,147059
"Belgium",28,147193
"Belgium",29,147456
"Belgium",30,147585
"Belgium",31,147882
"Belgium",32,148610
"Belgium",33,149559
"Belgium",34,150321
"Belgium",35,151055
"Belgium",36,151414
"Belgium",37,151212
"Belgium",38,150679
"Belgium",39,150218
"Belgium",40,149734
"Belgium",41,149583
"Belgium",42,149975
"Belgium",43,150749
"Belgium",44,151476
"Belgium",45,152176
"Belgium",46,153120
"Belgium",47,154381
"Belgium",48,155819
"Belgium",49,157139
"Belgium",50,158296
"Belgium",51,159443
"Belgium",52,160595
"Belgium",53,161597
"Belgium",54,162345
"Belgium",55,162938
"Belgium",56,162560
"Belgium",57,160819
"Belgium",58,158085
"Belgium",59,155213
"Belgium",60,152146
"Belgium",61,148644
"Belgium",62,144713
"Belgium",63,140508
"Belgium",64,135988
"Belgium",65,130934
"Belgium",66,126833
"Belgium",67,124348
"Belgium",68,122721
"Belgium",69,120861
"Belgium",70,119384
"Belgium",71,115774
"Belgium",72,108790
"Belgium",73,99815
"Belgium",74,91216
"Belgium",75,82224
"Belgium",76,75539
"Belgium",77,72648
"Belgium",78,72151
"Belgium",79,71184
"Belgium",80,70348
"Belgium",81,68628
"Belgium",82,65240
"Belgium",83,60746
"Belgium",84,56604
"Belgium",85,52648
"Belgium",86,48224
"Belgium",87,43194
"Belgium",88,37826
"Belgium",89,32026
"Belgium",90,27169
"Belgium",91,23564
"Belgium",92,19237
"Belgium",93,14186
"Belgium",94,10675
"Belgium",95,9167
"Belgium",96,7569
"Belgium",97,5479
"Belgium",98,2897
"Belgium",99,1553
"Belgium",100,1773
"Denmark",0,65236
"Denmark",1,62109
"Denmark",2,59975
"Denmark",3,58719
"Denmark",4,56314
"Denmark",5,57678
"Denmark",6,59273
"Denmark",7,61010
"Denmark",8,62798
"Denmark",9,64754
"Denmark",10,66989
"Denmark",11,68396
"Denmark",12,68474
"Denmark",13,67747
"Denmark",14,67173
"Denmark",15,66485
"Denmark",16,66479
"Denmark",17,67625
"Denmark",18,69505
"Denmark",19,71125
"Denmark",20,72551
"Denmark",21,74132
"Denmark",22,75900
"Denmark",23,77652
"Denmark",24,79287
"Denmark",25,80986
"Denmark",26,81470
"Denmark",27,80142
"Denmark",28,77624
"Denmark",29,75247
"Denmark",30,72881
"Denmark",31,70512
"Denmark",32,68312
"Denmark",33,66358
"Denmark",34,64380
"Denmark",35,62227
"Denmark",36,61473
"Denmark",37,62807
"Denmark",38,65481
"Denmark",39,68144
"Denmark",40,71171
"Denmark",41,73368
"Denmark",42,74039
"Denmark",43,73794
"Denmark",44,73775
"Denmark",45,73549
"Denmark",46,74239
"Denmark",47,76453
"Denmark",48,79503
"Denmark",49,82200
"Denmark",50,84913
"Denmark",51,86332
"Denmark",52,85722
"Denmark",53,83757
"Denmark",54,81861
"Denmark",55,79783
"Denmark",56,77771
"Denmark",57,76102
"Denmark",58,74635
"Denmark",59,73069
"Denmark",60,71607
"Denmark",61,69892
"Denmark",62,67762
"Denmark",63,65522
"Denmark",64,63256
"Denmark",65,60479
"Denmark",66,59753
"Denmark",67,62212
"Denmark",68,66454
"Denmark",69,70247
"Denmark",70,74404
"Denmark",71,75587
"Denmark",72,72023
"Denmark",73,65400
"Denmark",74,59158
"Denmark",75,52586
"Denmark",76,46910
"Denmark",77,43081
"Denmark",78,40432
"Denmark",79,37365
"Denmark",80,34220
"Denmark",81,31134
"Denmark",82,28021
"Denmark",83,24964
"Denmark",84,22106
"Denmark",85,19393
"Denmark",86,16984
"Denmark",87,14966
"Denmark",88,13245
"Denmark",89,11554
"Denmark",90,10337
"Denmark",91,9102
"Denmark",92,7535
"Denmark",93,5662
"Denmark",94,4328
"Denmark",95,3736
"Denmark",96,3125
"Denmark",97,2353
"Denmark",98,1421
"Denmark",99,820
"Denmark",100,1275
"France",0,698863
"France",1,718367
"France",2,735590
"France",3,750613
"France",4,765788
"France",5,774872
"France",6,782562
"France",7,788854
"France",8,793746
"France",9,797375
"France",10,799882
"France",11,800557
"France",12,799116
"France",13,795980
"France",14,792219
"France",15,788061
"France",16,782358
"France",17,774789
"France",18,766181
"France",19,757911
"France",20,749983
"France",21,743205
"France",22,738210
"France",23,734966
"France",24,732154
"France",25,729262
"France",26,731062
"France",27,739549
"France",28,752312
"France",29,764745
"France",30,777525
"France",31,788665
"France",32,796631
"France",33,802104
"France",34,808606
"France",35,816989
"France",36,819100
"France",37,811733
"France",38,799188
"France",39,787343
"France",40,773069
"France",41,770791
"France",42,787660
"France",43,816195
"France",44,842377
"France",45,869745
"France",46,888398
"France",47,892232
"France",48,886336
"France",49,881679
"France",50,875801
"France",51,871242
"France",52,870283
"France",53,871031
"France",54,869844
"France",55,868083
"France",56,862602
"France",57,851677
"France",58,837338
"France",59,823017
"France",60,807641
"France",61,795236
"France",62,788026
"France",63,783990
"France",64,777316
"France",65,767282
"France",66,760647
"France",67,759582
"France",68,760025
"France",69,758968
"France",70,760879
"France",71,741489
"France",72,689655
"France",73,618176
"France",74,549345
"France",75,476729
"France",76,423102
"France",77,401423
"France",78,400308
"France",79,395205
"France",80,390780
"France",81,383037
"France",82,367442
"France",83,346676
"France",84,328535
"France",85,312156
"France",86,291966
"France",87,266192
"France",88,236984
"France",89,205922
"France",90,180229
"France",91,159354
"France",92,133314
"France",93,102103
"France",94,80594
"France",95,71570
"France",96,60088
"France",97,44298
"France",98,24200
"France",99,14252
"France",100,18599
"Germany",0,831175
"Germany",1,812190
"Germany",2,795627
"Germany",3,781474
"Germany",4,766976
"Germany",5,757727
"Germany",6,750619
"Germany",7,745709
"Germany",8,743057
"Germany",9,742361
"Germany",10,743316
"Germany",11,747795
"Germany",12,756583
"Germany",13,768649
"Germany",14,781726
"Germany",15,795722
"Germany",16,811454
"Germany",17,828926
"Germany",18,847376
"Germany",19,866877
"Germany",20,888415
"Germany",21,905239
"Germany",22,914313
"Germany",23,919049
"Germany",24,924331
"Germany",25,927302
"Germany",26,939512
"Germany",27,966600
"Germany",28,1002194
"Germany",29,1034706
"Germany",30,1066957
"Germany",31,1089852
"Germany",32,1097854
"Germany",33,1095351
"Germany",34,1093637
"Germany",35,1092092
"Germany",36,1084414
"Germany",37,1069127
"Germany",38,1049493
"Germany",39,1031662
"Germany",40,1016112
"Germany",41,1002981
"Germany",42,993524
"Germany",43,989273
"Germany",44,986099
"Germany",45,979539
"Germany",46,1000096
"Germany",47,1060845
"Germany",48,1145725
"Germany",49,1226009
"Germany",50,1307936
"Germany",51,1368838
"Germany",52,1394672
"Germany",53,1395486
"Germany",54,1397134
"Germany",55,1396565
"Germany",56,1382593
"Germany",57,1352922
"Germany",58,1312026
"Germany",59,1266711
"Germany",60,1215650
"Germany",61,1167944
"Germany",62,1128836
"Germany",63,1094876
"Germany",64,1058671
"Germany",65,1023254
"Germany",66,984056
"Germany",67,938574
"Germany",68,890636
"Germany",69,845029
"Germany",70,798941
"Germany",71,766603
"Germany",72,754992
"Germany",73,756878
"Germany",74,756162
"Germany",75,753782
"Germany",76,752810
"Germany",77,752411
"Germany",78,749974
"Germany",79,747044
"Germany",80,747298
"Germany",81,723079
"Germany",82,662038
"Germany",83,577945
"Germany",84,496189
"Germany",85,410829
"Germany",86,340178
"Germany",87,295647
"Germany",88,268426
"Germany",89,236808
"Germany",90,213378
"Germany",91,186947
"Germany",92,153156
"Germany",93,112602
"Germany",94,83794
"Germany",95,71834
"Germany",96,59373
"Germany",97,43137
"Germany",98,23127
"Germany",99,13921
"Germany",100,17692
"Greece",0,80897
"Greece",1,82112
"Greece",2,83896
"Greece",3,86145
"Greece",4,86613
"Greece",5,90742
"Greece",6,94717
"Greece",7,98449
"Greece",8,101852
"Greece",9,105092
"Greece",10,108336
"Greece",11,110223
"Greece",12,110153
"Greece",13,108804
"Greece",14,107412
"Greece",15,105682
"Greece",16,104557
"Greece",17,104616
"Greece",18,105408
"Greece",19,106023
"Greece",20,106789
"Greece",21,107071
"Greece",22,106510
"Greece",23,105547
"Greece",24,104984
"Greece",25,104662
"Greece",26,105147
"Greece",27,106802
"Greece",28,109385
"Greece",29,112019
"Greece",30,114555
"Greece",31,118470
"Greece",32,124309
"Greece",33,131257
"Greece",34,138070
"Greece",35,145133
"Greece",36,150521
"Greece",37,153190
"Greece",38,154025
"Greece",39,154981
"Greece",40,155700
"Greece",41,156341
"Greece",42,157193
"Greece",43,158110
"Greece",44,158532
"Greece",45,158423
"Greece",46,158661
"Greece",47,159579
"Greece",48,160746
"Greece",49,161627
"Greece",50,162603
"Greece",51,161924
"Greece",52,158755
"Greece",53,154035
"Greece",54,149354
"Greece",55,144168
"Greece",56,140444
"Greece",57,139250
"Greece",58,139559
"Greece",59,139484
"Greece",60,139652
"Greece",61,138317
"Greece",62,134498
"Greece",63,129192
"Greece",64,124092
"Greece",65,118519
"Greece",66,114738
"Greece",67,113937
"Greece",68,114850
"Greece",69,115422
"Greece",70,116546
"Greece",71,115006
"Greece",72,109152
"Greece",73,100751
"Greece",74,92807
"Greece",75,84219
"Greece",76,78781
"Greece",77,78525
"Greece",78,81402
"Greece",79,83474
"Greece",80,85696
"Greece",81,85691
"Greece",82,81935
"Greece",83,75676
"Greece",84,69852
"Greece",85,64072
"Greece",86,57800
"Greece",87,51126
"Greece",88,44263
"Greece",89,36601
"Greece",90,29981
"Greece",91,25429
"Greece",92,20238
"Greece",93,14375
"Greece",94,10243
"Greece",95,8311
"Greece",96,6735
"Greece",97,4911
"Greece",98,2838
"Greece",99,1660
"Greece",100,2495
"Italy",0,438877
"Italy",1,460023
"Italy",2,479113
"Italy",3,496228
"Italy",4,508304
"Italy",5,522573
"Italy",6,535055
"Italy",7,545813
"Italy",8,554906
"Italy",9,562684
"Italy",10,569498
"Italy",11,573962
"Italy",12,575560
"Italy",13,575219
"Italy",14,574574
"Italy",15,573526
"Italy",16,572940
"Italy",17,573489
"Italy",18,575039
"Italy",19,576525
"Italy",20,577845
"Italy",21,581605
"Italy",22,588894
"Italy",23,598549
"Italy",24,608428
"Italy",25,619093
"Italy",26,628869
"Italy",27,636748
"Italy",28,643587
"Italy",29,651608
"Italy",30,660795
"Italy",31,669660
"Italy",32,677824
"Italy",33,686134
"Italy",34,695495
"Italy",35,705341
"Italy",36,719171
"Italy",37,738699
"Italy",38,762248
"Italy",39,785376
"Italy",40,807711
"Italy",41,833262
"Italy",42,863169
"Italy",43,894920
"Italy",44,925253
"Italy",45,955288
"Italy",46,977490
"Italy",47,987919
"Italy",48,989854
"Italy",49,990299
"Italy",50,987600
"Italy",51,983717
"Italy",52,980249
"Italy",53,975778
"Italy",54,968479
"Italy",55,960146
"Italy",56,944168
"Italy",57,917533
"Italy",58,884231
"Italy",59,851267
"Italy",60,817245
"Italy",61,787880
"Italy",62,766731
"Italy",63,751432
"Italy",64,734610
"Italy",65,716003
"Italy",66,704055
"Italy",67,701670
"Italy",68,704503
"Italy",69,706997
"Italy",70,712310
"Italy",71,704699
"Italy",72,676419
"Italy",73,635473
"Italy",74,595952
"Italy",75,553056
"Italy",76,522103
"Italy",77,511502
"Italy",78,512897
"Italy",79,510637
"Italy",80,509195
"Italy",81,496433
"Italy",82,465163
"Italy",83,422038
"Italy",84,381103
"Italy",85,339799
"Italy",86,301028
"Italy",87,267732
"Italy",88,238293
"Italy",89,205758
"Italy",90,179295
"Italy",91,156788
"Italy",92,129057
"Italy",93,96253
"Italy",94,73364
"Italy",95,63539
"Italy",96,52768
"Italy",97,38689
"Italy",98,21305
"Italy",99,12140
"Italy",100,15968
"Netherlands",0,169625
"Netherlands",1,170917
"Netherlands",2,172271
"Netherlands",3,173695
"Netherlands",4,176799
"Netherlands",5,177468
"Netherlands",6,178414
"Netherlands",7,179637
"Netherlands",8,181133
"Netherlands",9,182731
"Netherlands",10,184259
"Netherlands",11,186569
"Netherlands",12,190004
"Netherlands",13,194047
"Netherlands",14,198046
"Netherlands",15,202373
"Netherlands",16,205157
"Netherlands",17,205474
"Netherlands",18,204276
"Netherlands",19,203263
"Netherlands",20,201893
"Netherlands",21,201854
"Netherlands",22,204094
"Netherlands",23,207696
"Netherlands",24,210795
"Netherlands",25,213760
"Netherlands",26,215958
"Netherlands",27,216886
"Netherlands",28,216874
"Netherlands",29,216912
"Netherlands",30,216992
"Netherlands",31,216138
"Netherlands",32,214026
"Netherlands",33,211133
"Netherlands",34,208451
"Netherlands",35,206002
"Netherlands",36,203642
"Netherlands",37,201468
"Netherlands",38,199725
"Netherlands",39,198281
"Netherlands",40,196834
"Netherlands",41,197839
"Netherlands",42,202403
"Netherlands",43,209330
"Netherlands",44,216105
"Netherlands",45,222968
"Netherlands",46,229827
"Netherlands",47,236295
"Netherlands",48,242264
"Netherlands",49,248094
"Netherlands",50,253804
"Netherlands",51,257643
"Netherlands",52,258799
"Netherlands",53,257942
"Netherlands",54,256724
"Netherlands",55,255020
"Netherlands",56,252141
"Netherlands",57,247975
"Netherlands",58,242882
"Netherlands",59,237440
"Netherlands",60,231658
"Netherlands",61,225954
"Netherlands",62,220635
"Netherlands",63,215670
"Netherlands",64,210184
"Netherlands",65,203709
"Netherlands",66,199614
"Netherlands",67,199282
"Netherlands",68,200900
"Netherlands",69,201876
"Netherlands",70,203457
"Netherlands",71,200037
"Netherlands",72,188800
"Netherlands",73,172633
"Netherlands",74,157098
"Netherlands",75,140908
"Netherlands",76,127294
"Netherlands",77,118367
"Netherlands",78,112474
"Netherlands",79,105836
"Netherlands",80,99187
"Netherlands",81,92479
"Netherlands",82,85304
"Netherlands",83,77907
"Netherlands",84,71032
"Netherlands",85,64636
"Netherlands",86,58056
"Netherlands",87,51068
"Netherlands",88,43969
"Netherlands",89,36615
"Netherlands",90,30557
"Netherlands",91,26238
"Netherlands",92,21323
"Netherlands",93,15790
"Netherlands",94,11986
"Netherlands",95,10286
"Netherlands",96,8524
"Netherlands",97,6304
"Netherlands",98,3627
"Netherlands",99,2004
"Netherlands",100,2778
"Norway",0,58713
"Norway",1,59692
"Norway",2,60536
"Norway",3,61253
"Norway",4,61003
"Norway",5,61848
"Norway",6,62550
"Norway",7,63121
"Norway",8,63568
"Norway",9,63959
"Norway",10,64362
"Norway",11,64496
"Norway",12,64258
"Norway",13,63830
"Norway",14,63432
"Norway",15,62946
"Norway",16,63034
"Norway",17,64025
"Norway",18,65592
"Norway",19,67073
"Norway",20,68587
"Norway",21,69931
"Norway",22,70932
"Norway",23,71689
"Norway",24,72466
"Norway",25,73205
"Norway",26,73820
"Norway",27,74294
"Norway",28,74629
"Norway",29,74875
"Norway",30,75059
"Norway",31,74989
"Norway",32,74590
"Norway",33,73963
"Norway",34,73358
"Norway",35,72812
"Norway",36,72115
"Norway",37,71216
"Norway",38,70269
"Norway",39,69354
"Norway",40,68313
"Norway",41,68129
"Norway",42,69251
"Norway",43,71182
"Norway",44,72948
"Norway",45,74722
"Norway",46,76070
"Norway",47,76675
"Norway",48,76716
"Norway",49,76794
"Norway",50,76905
"Norway",51,76347
"Norway",52,74871
"Norway",53,72805
"Norway",54,70681
"Norway",55,68334
"Norway",56,66478
"Norway",57,65497
"Norway",58,65055
"Norway",59,64484
"Norway",60,63996
"Norway",61,63117
"Norway",62,61571
"Norway",63,59650
"Norway",64,57751
"Norway",65,55588
"Norway",66,54305
"Norway",67,54445
"Norway",68,55358
"Norway",69,56010
"Norway",70,56801
"Norway",71,56122
"Norway",72,53133
"Norway",73,48661
"Norway",74,44387
"Norway",75,39983
"Norway",76,36052
"Norway",77,33068
"Norway",78,30725
"Norway",79,28212
"Norway",80,25651
"Norway",81,23397
"Norway",82,21531
"Norway",83,19945
"Norway",84,18456
"Norway",85,17114
"Norway",86,15707
"Norway",87,14113
"Norway",88,12433
"Norway",89,10768
"Norway",90,9470
"Norway",91,8364
"Norway",92,7001
"Norway",93,5388
"Norway",94,4272
"Norway",95,3797
"Norway",96,3208
"Norway",97,2410
"Norway",98,1405
"Norway",99,770
"Norway",100,1023
"Portugal",0,78752
"Portugal",1,79780
"Portugal",2,81057
"Portugal",3,82548
"Portugal",4,84144
"Portugal",5,86026
"Portugal",6,88001
"Portugal",7,90035
"Portugal",8,92094
"Portugal",9,94167
"Portugal",10,96245
"Portugal",11,98174
"Portugal",12,99880
"Portugal",13,101393
"Portugal",14,102831
"Portugal",15,104169
"Portugal",16,105325
"Portugal",17,106270
"Portugal",18,107021
"Portugal",19,107714
"Portugal",20,108423
"Portugal",21,108701
"Portugal",22,108369
"Portugal",23,107689
"Portugal",24,107155
"Portugal",25,106733
"Portugal",26,106587
"Portugal",27,106869
"Portugal",28,107568
"Portugal",29,108439
"Portugal",30,109440
"Portugal",31,111308
"Portugal",32,114360
"Portugal",33,118257
"Portugal",34,122211
"Portugal",35,126221
"Portugal",36,130621
"Portugal",37,135453
"Portugal",38,140467
"Portugal",39,145302
"Portugal",40,149944
"Portugal",41,154013
"Portugal",42,157255
"Portugal",43,159714
"Portugal",44,161974
"Portugal",45,164248
"Portugal",46,164648
"Portugal",47,162397
"Portugal",48,158475
"Portugal",49,154444
"Portugal",50,149761
"Portugal",51,146704
"Portugal",52,146494
"Portugal",53,147995
"Portugal",54,148971
"Portugal",55,150012
"Portugal",56,149835
"Portugal",57,147626
"Portugal",58,144126
"Portugal",59,140864
"Portugal",60,137504
"Portugal",61,134574
"Portugal",62,132482
"Portugal",63,130912
"Portugal",64,129049
"Portugal",65,126943
"Portugal",66,125046
"Portugal",67,123463
"Portugal",68,121969
"Portugal",69,120359
"Portugal",70,118827
"Portugal",71,116243
"Portugal",72,112073
"Portugal",73,106885
"Portugal",74,101708
"Portugal",75,96242
"Portugal",76,91417
"Portugal",77,87772
"Portugal",78,84818
"Portugal",79,81545
"Portugal",80,78168
"Portugal",81,74378
"Portugal",82,69923
"Portugal",83,64989
"Portugal",84,60157
"Portugal",85,55482
"Portugal",86,50220
"Portugal",87,44113
"Portugal",88,37574
"Portugal",89,30530
"Portugal",90,24512
"Portugal",91,20679
"Portugal",92,16492
"Portugal",93,11893
"Portugal",94,8736
"Portugal",95,7273
"Portugal",96,5936
"Portugal",97,4331
"Portugal",98,2459
"Portugal",99,1353
"Portugal",100,1850
"Spain",0,389071
"Spain",1,395760
"Spain",2,404555
"Spain",3,414953
"Spain",4,411842
"Spain",5,432086
"Spain",6,450617
"Spain",7,467032
"Spain",8,480928
"Spain",9,493573
"Spain",10,506233
"Spain",11,510163
"Spain",12,501625
"Spain",13,485224
"Spain",14,469003
"Spain",15,450996
"Spain",16,438622
"Spain",17,436275
"Spain",18,440530
"Spain",19,443668
"Spain",20,447359
"Spain",21,450865
"Spain",22,453090
"Spain",23,454935
"Spain",24,458810
"Spain",25,464718
"Spain",26,470848
"Spain",27,476697
"Spain",28,483276
"Spain",29,491535
"Spain",30,500604
"Spain",31,515444
"Spain",32,538403
"Spain",33,566972
"Spain",34,594959
"Spain",35,622001
"Spain",36,652353
"Spain",37,686993
"Spain",38,723042
"Spain",39,757510
"Spain",40,792033
"Spain",41,815052
"Spain",42,820836
"Spain",43,814644
"Spain",44,807993
"Spain",45,799212
"Spain",46,788640
"Spain",47,777807
"Spain",48,766575
"Spain",49,752713
"Spain",50,736006
"Spain",51,722714
"Spain",52,715523
"Spain",53,711721
"Spain",54,706221
"Spain",55,700412
"Spain",56,690511
"Spain",57,674241
"Spain",58,653635
"Spain",59,633659
"Spain",60,614107
"Spain",61,592701
"Spain",62,569064
"Spain",63,544537
"Spain",64,519985
"Spain",65,494201
"Spain",66,475071
"Spain",67,466281
"Spain",68,463940
"Spain",69,460575
"Spain",70,457809
"Spain",71,451462
"Spain",72,438746
"Spain",73,421694
"Spain",74,405814
"Spain",75,390815
"Spain",76,372987
"Spain",77,351294
"Spain",78,327555
"Spain",79,303574
"Spain",80,277747
"Spain",81,258748
"Spain",82,250683
"Spain",83,249083
"Spain",84,246213
"Spain",85,244626
"Spain",86,235612
"Spain",87,214376
"Spain",88,185512
"Spain",89,155765
"Spain",90,131040
"Spain",91,113392
"Spain",92,91852
"Spain",93,66359
"Spain",94,48324
"Spain",95,40084
"Spain",96,32862
"Spain",97,24229
"Spain",98,14184
"Spain",99,8251
"Spain",100,12310
"Sweden",0,120927
"Sweden",1,120269
"Sweden",2,119784
"Sweden",3,119430
"Sweden",4,117259
"Sweden",5,118054
"Sweden",6,118621
"Sweden",7,118945
"Sweden",8,119007
"Sweden",9,118949
"Sweden",10,118914
"Sweden",11,118079
"Sweden",12,116104
"Sweden",13,113454
"Sweden",14,111164
"Sweden",15,109301
"Sweden",16,107418
"Sweden",17,105482
"Sweden",18,103895
"Sweden",19,102421
"Sweden",20,100301
"Sweden",21,102177
"Sweden",22,110081
"Sweden",23,121542
"Sweden",24,132382
"Sweden",25,143827
"Sweden",26,151130
"Sweden",27,151629
"Sweden",28,147639
"Sweden",29,144253
"Sweden",30,140593
"Sweden",31,137027
"Sweden",32,134299
"Sweden",33,132107
"Sweden",34,129438
"Sweden",35,126524
"Sweden",36,124140
"Sweden",37,122582
"Sweden",38,121695
"Sweden",39,120897
"Sweden",40,120140
"Sweden",41,120355
"Sweden",42,121891
"Sweden",43,124289
"Sweden",44,126630
"Sweden",45,128974
"Sweden",46,131188
"Sweden",47,133078
"Sweden",48,134599
"Sweden",49,136066
"Sweden",50,137606
"Sweden",51,137767
"Sweden",52,135916
"Sweden",53,132738
"Sweden",54,129548
"Sweden",55,126080
"Sweden",56,123037
"Sweden",57,120900
"Sweden",58,119345
"Sweden",59,117671
"Sweden",60,116153
"Sweden",61,114375
"Sweden",62,112109
"Sweden",63,109691
"Sweden",64,107290
"Sweden",65,104391
"Sweden",66,103560
"Sweden",67,105937
"Sweden",68,110090
"Sweden",69,113682
"Sweden",70,117459
"Sweden",71,118351
"Sweden",72,114682
"Sweden",73,107959
"Sweden",74,101489
"Sweden",75,94768
"Sweden",76,87914
"Sweden",77,81371
"Sweden",78,75058
"Sweden",79,68398
"Sweden",80,61443
"Sweden",81,55329
"Sweden",82,50545
"Sweden",83,46677
"Sweden",84,42826
"Sweden",85,39176
"Sweden",86,35583
"Sweden",87,31887
"Sweden",88,28198
"Sweden",89,24564
"Sweden",90,21849
"Sweden",91,19316
"Sweden",92,16072
"Sweden",93,12155
"Sweden",94,9402
"Sweden",95,8223
"Sweden",96,6897
"Sweden",97,5155
"Sweden",98,2995
"Sweden",99,1628
"Sweden",100,2186
"Switzerland",0,90044
"Switzerland",1,90346
"Switzerland",2,90220
"Switzerland",3,89737
"Switzerland",4,88579
"Switzerland",5,87611
"Switzerland",6,86520
"Switzerland",7,85374
"Switzerland",8,84239
"Switzerland",9,83129
"Switzerland",10,82061
"Switzerland",11,81350
"Switzerland",12,81164
"Switzerland",13,81418
"Switzerland",14,81817
"Switzerland",15,82371
"Switzerland",16,83431
"Switzerland",17,85130
"Switzerland",18,87310
"Switzerland",19,89611
"Switzerland",20,92018
"Switzerland",21,94696
"Switzerland",22,97660
"Switzerland",23,100780
"Switzerland",24,103923
"Switzerland",25,107132
"Switzerland",26,109935
"Switzerland",27,112083
"Switzerland",28,113767
"Switzerland",29,115327
"Switzerland",30,116584
"Switzerland",31,118003
"Switzerland",32,119811
"Switzerland",33,121702
"Switzerland",34,123384
"Switzerland",35,125205
"Switzerland",36,125514
"Switzerland",37,123550
"Switzerland",38,120224
"Switzerland",39,117171
"Switzerland",40,114027
"Switzerland",41,112061
"Switzerland",42,112060
"Switzerland",43,113448
"Switzerland",44,114593
"Switzerland",45,115491
"Switzerland",46,117595
"Switzerland",47,121356
"Switzerland",48,126019
"Switzerland",49,130436
"Switzerland",50,134913
"Switzerland",51,137746
"Switzerland",52,137993
"Switzerland",53,136386
"Switzerland",54,134739
"Switzerland",55,132860
"Switzerland",56,130074
"Switzerland",57,126278
"Switzerland",58,121777
"Switzerland",59,117076
"Switzerland",60,112191
"Switzerland",61,107409
"Switzerland",62,102962
"Switzerland",63,98860
"Switzerland",64,94643
"Switzerland",65,90121
"Switzerland",66,87097
"Switzerland",67,86332
"Switzerland",68,86931
"Switzerland",69,87328
"Switzerland",70,87957
"Switzerland",71,87254
"Switzerland",72,84323
"Switzerland",73,79924
"Switzerland",74,75764
"Switzerland",75,71556
"Switzerland",76,67328
"Switzerland",77,63278
"Switzerland",78,59350
"Switzerland",79,55262
"Switzerland",80,51042
"Switzerland",81,47137
"Switzerland",82,43735
"Switzerland",83,40671
"Switzerland",84,37621
"Switzerland",85,34678
"Switzerland",86,31646
"Switzerland",87,28400
"Switzerland",88,25066
"Switzerland",89,21638
"Switzerland",90,19042
"Switzerland",91,16725
"Switzerland",92,13693
"Switzerland",93,9983
"Switzerland",94,7352
"Switzerland",95,6227
"Switzerland",96,5144
"Switzerland",97,3795
"Switzerland",98,2179
"Switzerland",99,1198
"Switzerland",100,1660
"United_Kingdom",0,744390
"United_Kingdom",1,775356
"United_Kingdom",2,798734
"United_Kingdom",3,815248
"United_Kingdom",4,817318
"United_Kingdom",5,824780
"United_Kingdom",6,827538
"United_Kingdom",7,826202
"United_Kingdom",8,821379
"United_Kingdom",9,814338
"United_Kingdom",10,806346
"United_Kingdom",11,794718
"United_Kingdom",12,778741
"United_Kingdom",13,761004
"United_Kingdom",14,743817
"United_Kingdom",15,725538
"United_Kingdom",16,718034
"United_Kingdom",17,727074
"United_Kingdom",18,747173
"United_Kingdom",19,766715
"United_Kingdom",20,787594
"United_Kingdom",21,807944
"United_Kingdom",22,825529
"United_Kingdom",23,841244
"United_Kingdom",24,857958
"United_Kingdom",25,874781
"United_Kingdom",26,890265
"United_Kingdom",27,903865
"United_Kingdom",28,915503
"United_Kingdom",29,925931
"United_Kingdom",30,935338
"United_Kingdom",31,940622
"United_Kingdom",32,940419
"United_Kingdom",33,936114
"United_Kingdom",34,931143
"United_Kingdom",35,925645
"United_Kingdom",36,917336
"United_Kingdom",37,905692
"United_Kingdom",38,892211
"United_Kingdom",39,879049
"United_Kingdom",40,865937
"United_Kingdom",41,855932
"United_Kingdom",42,850835
"United_Kingdom",43,849671
"United_Kingdom",44,848410
"United_Kingdom",45,846348
"United_Kingdom",46,851132
"United_Kingdom",47,865674
"United_Kingdom",48,885937
"United_Kingdom",49,904803
"United_Kingdom",50,923495
"United_Kingdom",51,936703
"United_Kingdom",52,940995
"United_Kingdom",53,938380
"United_Kingdom",54,935345
"United_Kingdom",55,931839
"United_Kingdom",56,920563
"United_Kingdom",57,898931
"United_Kingdom",58,870403
"United_Kingdom",59,841711
"United_Kingdom",60,812337
"United_Kingdom",61,783879
"United_Kingdom",62,758083
"United_Kingdom",63,734932
"United_Kingdom",64,710254
"United_Kingdom",65,681994
"United_Kingdom",66,666673
"United_Kingdom",67,671168
"United_Kingdom",68,686881
"United_Kingdom",69,700274
"United_Kingdom",70,716378
"United_Kingdom",71,714162
"United_Kingdom",72,682533
"United_Kingdom",73,632116
"United_Kingdom",74,584307
"United_Kingdom",75,534438
"United_Kingdom",76,491398
"United_Kingdom",77,461641
"United_Kingdom",78,440326
"United_Kingdom",79,416158
"United_Kingdom",80,391391
"United_Kingdom",81,366373
"United_Kingdom",82,340146
"United_Kingdom",83,313342
"United_Kingdom",84,287778
"United_Kingdom",85,263360
"United_Kingdom",86,238617
"United_Kingdom",87,213082
"United_Kingdom",88,187443
"United_Kingdom",89,160933
"United_Kingdom",90,139849
"United_Kingdom",91,122215
"United_Kingdom",92,100491
"United_Kingdom",93,74820
"United_Kingdom",94,56650
"United_Kingdom",95,48442
"United_Kingdom",96,40284
"United_Kingdom",97,30062
"United_Kingdom",98,17775
"United_Kingdom",99,10154
"United_Kingdom",100,15352
